[
  {
    "user_id": "Vuong",
    "order_id": "7150cb22-2004-4162-a737-49f2640eeb25",
    "items": [
      {
        "dish": "Chả giò ngũ vị",
        "quantity": 1,
        "unit_price": 60000,
        "amount": 60000,
        "note": ""
      }
    ],
    "total": 60000,
    "created_at": "11/08/2025 21:03:51",
    "paid_at": "2025-08-11 21:04:42",
    "table_id": null
  },
  {
    "user_id": "Vuong",
    "order_id": "106f1787-eeb7-49da-a21e-a37879667c59",
    "items": [
      {
        "dish": "Canh ba màu",
        "quantity": 1,
        "unit_price": 35000,
        "amount": 35000,
        "note": ""
      }
    ],
    "total": 35000,
    "created_at": "11/08/2025 21:05:51",
    "paid_at": "2025-08-11 21:06:42",
    "table_id": null
  },
  {
    "user_id": "Vuong",
    "order_id": "93fd7efe-b3e6-4bd8-8b66-a89e64fe92e3",
    "items": [
      {
        "dish": "Canh ba màu",
        "quantity": 1,
        "unit_price": 35000,
        "amount": 35000,
        "note": ""
      },
      {
        "dish": "Mực trứng xào rau răm",
        "quantity": 1,
        "unit_price": 60000,
        "amount": 60000,
        "note": ""
      },
      {
        "dish": "Mì vịt tiềm chay",
        "quantity": 1,
        "unit_price": 30000,
        "amount": 30000,
        "note": ""
      }
    ],
    "total": 125000,
    "created_at": "11/08/2025 21:09:25",
    "paid_at": "2025-08-11 21:10:43",
    "table_id": null
  },
  {
    "user_id": "Vuong",
    "order_id": "75008933-eb99-4a65-b059-820481130852",
    "items": [
      {
        "dish": "Mực ống hấp củ đậu",
        "quantity": 1,
        "unit_price": 50000,
        "amount": 50000,
        "note": ""
      },
      {
        "dish": "Canh ba màu",
        "quantity": 1,
        "unit_price": 35000,
        "amount": 35000,
        "note": ""
      }
    ],
    "total": 85000,
    "created_at": "11/08/2025 21:12:49",
    "paid_at": "2025-08-11 21:13:24",
    "table_id": null
  },
  {
    "user_id": "Vuong",
    "order_id": "46d7c72a-0b63-44fa-af29-db5039a520b8",
    "items": [
      {
        "dish": "Bún Mắm Heo Quay",
        "quantity": 1,
        "unit_price": 45000,
        "amount": 45000,
        "note": ""
      }
    ],
    "total": 45000,
    "created_at": "11/08/2025 21:22:21",
    "paid_at": "2025-08-11 21:23:00",
    "table_id": null
  },
  {
    "user_id": "Vuong",
    "order_id": "ea9d869e-04d2-4e3c-8e3d-eb709a0ffd01",
    "items": [
      {
        "dish": "Bún chay lá chanh",
        "quantity": 1,
        "unit_price": 35000,
        "amount": 35000,
        "note": ""
      }
    ],
    "total": 35000,
    "created_at": "12/08/2025 01:44:55",
    "paid_at": "2025-08-12 01:45:02",
    "table_id": null
  },
  {
    "user_id": "Vuong",
    "order_id": "ea9d869e-04d2-4e3c-8e3d-eb709a0ffd01",
    "items": [
      {
        "dish": "Bún chay lá chanh",
        "quantity": 1,
        "unit_price": 35000,
        "amount": 35000,
        "note": ""
      }
    ],
    "total": 35000,
    "created_at": "12/08/2025 01:44:55",
    "paid_at": "2025-08-12 01:45:45",
    "table_id": null
  }
]